time_period_value,cardholder_location,merchant_location,cardholder_index_spend,merchant_index_spend
2019Q1,LL67,LL57,2.7515447740684813,0.002096251959468041
2019Q1,LL67,LL65,17.586635894314107,0.031792861158054166
2019Q1,LL67,UNKNOWN,79.66181933161742,0.00018057536129844462
2023Q1,LL67,LL57,2.2316850818117078,0.001700199200737031
2023Q1,LL67,LL65,11.11424679150943,0.02009217153537876
2023Q1,LL67,UNKNOWN,117.27694230774914,0.0002658403537212897
2023Q2,LL67,LL57,1.5164642921521634,0.0011553114722487052
2023Q2,LL67,LL65,9.061551600329787,0.016381339423702464
2023Q2,LL67,UNKNOWN,132.07873752582012,0.00029939268207374953
