time_period_value,cardholder_location,merchant_location,cardholder_index_spend,merchant_index_spend
2022Q1,EH42,TD13,0.34527099466604816,N/A
2022Q3,EH42,TD13,0.214159292103804,N/A
2022Q3,TD11,TD13,0.10202114386024576,N/A
2021Q4,TD14,TD13,0.269808581864981,N/A
2022Q2,TD14,TD13,0.2006312056259875,N/A
2022Q4,TD15,TD13,0.0076244793461687395,N/A
