time_period_value,cardholder_location,merchant_location,cardholder_index_spend,merchant_index_spend
2019Q3,IV14,IV1,N/A,0.005343280919755015
2019Q3,IV14,IV2,N/A,0.006168605917284967
2023Q2,IV14,IV21,N/A,0.6187377170464781
2019Q2,IV14,UNKNOWN,N/A,6.887905987988278e-05
2019Q3,IV14,UNKNOWN,N/A,0.00022520730032106362
2019Q4,IV14,UNKNOWN,N/A,7.431739159996078e-05
2020Q2,IV14,UNKNOWN,N/A,3.097478472347429e-05
2023Q2,IV14,UNKNOWN,N/A,0.00017937799990442352
2023Q3,IV14,UNKNOWN,N/A,0.00014501335947712628
