time_period_value,cardholder_location,merchant_location,cardholder_index_spend,merchant_index_spend
2019Q2,IV52,UNKNOWN,N/A,9.012952846733228e-05
2020Q1,IV52,UNKNOWN,N/A,4.4676015318969546e-05
2022Q2,IV52,UNKNOWN,N/A,0.00011956211171530735
2023Q1,IV52,UNKNOWN,N/A,6.046109014420487e-05
2019Q2,IV52,IV54,N/A,0.8831591696927602
2020Q1,IV52,IV54,N/A,0.9589949028840992
2023Q1,IV52,IV54,N/A,0.6422574138084662
