time_period_value,cardholder_location,merchant_location,cardholder_index_spend,merchant_index_spend
2022Q2,EH45,EH43,0.19477729997450868,N/A
2019Q3,TD1,EH43,0.03224414834458944,N/A
2019Q3,UNKNOWN,EH43,0.00011582622901091423,N/A
2019Q4,UNKNOWN,EH43,8.034737238081819e-05,N/A
2020Q1,UNKNOWN,EH43,5.1290747042229636e-05,N/A
2020Q3,UNKNOWN,EH43,0.000142560141911296,N/A
