time_period_value,cardholder_location,merchant_location,cardholder_index_spend,merchant_index_spend
2022Q1,BT16,BT65,0.015429397273519972,N/A
2023Q3,BT19,BT65,0.003202595458696663,N/A
2020Q1,BT20,BT65,0.0009802905339641758,N/A
2022Q3,BT37,BT65,0.007482829022981808,N/A
2023Q3,BT41,BT65,0.005458549972335039,N/A
2023Q1,BT65,BT65,1.1424616119411362,N/A
2020Q4,BT76,BT65,0.9552365121013152,N/A
