time_period_value,cardholder_location,merchant_location,cardholder_index_spend,merchant_index_spend
2019Q2,IV3,IV45,0.01123112238300249,N/A
2019Q1,IV40,IV45,0.3449709783335429,N/A
2019Q2,IV49,IV45,8.507072473347945,N/A
2019Q2,IV51,IV45,0.05461237230137619,N/A
2019Q2,KY16,IV45,0.0022096654489230792,N/A
2019Q2,UNKNOWN,IV45,0.00030483394848062245,N/A
2023Q3,UNKNOWN,IV45,0.00015166803699393768,N/A
