time_period_value,cardholder_location,merchant_location,cardholder_index_spend,merchant_index_spend
2019Q2,IV1,IV9,0.7108303435408859,N/A
2019Q2,IV10,IV9,0.5015057600443902,N/A
2019Q2,IV15,IV9,0.009801795037457027,N/A
2019Q2,IV18,IV9,0.014140363094314524,N/A
2019Q2,IV3,IV9,0.0513812644722396,N/A
2019Q2,IV6,IV9,0.07553845850894989,N/A
2019Q2,IV7,IV9,0.16488246411843172,N/A
2019Q2,IV8,IV9,10.401007425447212,N/A
2019Q2,UNKNOWN,IV9,0.0002390503216825194,N/A
