time_period_value,cardholder_location,merchant_location,cardholder_index_spend,merchant_index_spend
2019Q1,TA13,TA13,6.67238077129842,N/A
2019Q2,TA13,TA13,5.7281963202097055,N/A
2020Q1,TA13,TA13,2.3954608885828548,N/A
2021Q2,TA13,TA13,31.595792694667736,N/A
2019Q2,TA16,TA13,2.089956537511612,N/A
