time_period_value,cardholder_location,merchant_location,cardholder_index_spend,merchant_index_spend
2023Q1,DD1,PH14,0.004429064756009678,N/A
2021Q4,UNKNOWN,PH14,0.00014186614770829092,N/A
2022Q2,UNKNOWN,PH14,0.0001514293840495471,N/A
2022Q3,UNKNOWN,PH14,0.0001565273810048407,N/A
2022Q4,UNKNOWN,PH14,0.00010453703846423392,N/A
