time_period_value,cardholder_location,merchant_location,cardholder_index_spend,merchant_index_spend
2023Q2,EH12,PH35,0.0008008690468827369,N/A
2019Q3,EH14,PH35,0.0014180354749802214,N/A
2019Q2,EH16,PH35,0.0021291727847349167,N/A
2019Q2,G41,PH35,0.001161002215858787,N/A
2019Q3,G84,PH35,0.0026958407451105307,N/A
2019Q3,IV51,PH35,0.024895762216518142,N/A
